"Longitude (x)","Latitude (y)","Station Name","Climate ID","Date/Time","Year","Month","Day","Data Quality","Max Temp (°C)","Max Temp Flag","Min Temp (°C)","Min Temp Flag","Mean Temp (°C)","Mean Temp Flag","Heat Deg Days (°C)","Heat Deg Days Flag","Cool Deg Days (°C)","Cool Deg Days Flag","Total Rain (mm)","Total Rain Flag","Total Snow (cm)","Total Snow Flag","Total Precip (mm)","Total Precip Flag","Snow on Grnd (cm)","Snow on Grnd Flag","Dir of Max Gust (10s deg)","Dir of Max Gust Flag","Spd of Max Gust (km/h)","Spd of Max Gust Flag"
"-114.44","62.46","YELLOWKNIFE A","2204100","2009-01-01","2009","01","01","","-39.0","","-43.1","","-41.1","","59.1","","0.0","","0.0","","0.0","","0.0","","34","","","","<31",""
"-114.44","62.46","YELLOWKNIFE A","2204100","2009-01-02","2009","01","02","","-38.0","","-44.6","","-41.3","","59.3","","0.0","","0.0","","0.0","T","0.0","T","34","","","","<31",""
"-114.44","62.46","YELLOWKNIFE A","2204100","2009-01-03","2009","01","03","","-33.5","","-40.8","","-37.2","","55.2","","0.0","","0.0","","0.0","T","0.0","T","34","","","","<31",""
"-114.44","62.46","YELLOWKNIFE A","2204100","2009-01-04","2009","01","04","","-28.3","","-34.8","","-31.6","","49.6","","0.0","","0.0","","0.6","","0.4","","34","","","","<31",""
"-114.44","62.46","YELLOWKNIFE A","2204100","2009-01-05","2009","01","05","","-17.2","","-28.6","","-22.9","","40.9","","0.0","","0.0","","2.6","","2.2","","35","","","","<31",""
"-114.44","62.46","YELLOWKNIFE A","2204100","2009-01-06","2009","01","06","","-16.4","","-24.6","","-20.5","","38.5","","0.0","","0.0","","6.2","","4.6","","37","","","","<31",""
"-114.44","62.46","YELLOWKNIFE A","2204100","2009-01-07","2009","01","07","","-22.0","","-34.6","","-28.3","","46.3","","0.0","","0.0","","1.2","","1.0","","40","","","","<31",""
"-114.44","62.46","YELLOWKNIFE A","2204100","2009-01-08","2009","01","08","","-29.8","","-35.2","","-32.5","","50.5","","0.0","","0.0","","1.4","","0.6","","40","","","","<31",""
"-114.44","62.46","YELLOWKNIFE A","2204100","2009-01-09","2009","01","09","","-24.5","","-42.4","","-33.5","","51.5","","0.0","","0.0","","1.6","","0.4","","41","","","","<31",""
"-114.44","62.46","YELLOWKNIFE A","2204100","2009-01-10","2009","01","10","","-32.6","","-42.3","","-37.5","","55.5","","0.0","","0.0","","0.0","T","0.0","T","42","","","","<31",""
"-114.44","62.46","YELLOWKNIFE A","2204100","2009-01-11","2009","01","11","","-34.9","","-41.0","","-38.0","","56.0","","0.0","","0.0","","0.0","T","0.0","T","43","","","","<31",""
"-114.44","62.46","YELLOWKNIFE A","2204100","2009-01-12","2009","01","12","","-38.3","","-42.7","","-40.5","","58.5","","0.0","","0.0","","0.0","","0.0","","43","","","","<31",""
"-114.44","62.46","YELLOWKNIFE A","2204100","2009-01-13","2009","01","13","","-33.5","","-38.7","","-36.1","","54.1","","0.0","","0.0","","0.0","","0.0","","43","","","","<31",""
"-114.44","62.46","YELLOWKNIFE A","2204100","2009-01-14","2009","01","14","","-23.1","","-39.3","","-31.2","","49.2","","0.0","","0.0","","0.0","","0.0","","43","","","","<31",""
"-114.44","62.46","YELLOWKNIFE A","2204100","2009-01-15","2009","01","15","","-16.4","","-23.1","","-19.8","","37.8","","0.0","","0.0","","0.0","T","0.0","T","42","","","","<31",""
"-114.44","62.46","YELLOWKNIFE A","2204100","2009-01-16","2009","01","16","","-6.5","","-18.1","","-12.3","","30.3","","0.0","","0.0","","0.0","T","0.0","T","40","","","","<31",""
"-114.44","62.46","YELLOWKNIFE A","2204100","2009-01-17","2009","01","17","","-6.1","","-12.1","","-9.1","","27.1","","0.0","","0.0","","0.0","T","0.0","T","40","","","","<31",""
"-114.44","62.46","YELLOWKNIFE A","2204100","2009-01-18","2009","01","18","","-4.1","","-11.5","","-7.8","","25.8","","0.0","","0.0","","0.0","","0.0","","38","","","","<31",""
"-114.44","62.46","YELLOWKNIFE A","2204100","2009-01-19","2009","01","19","","-1.6","","-8.8","","-5.2","","23.2","","0.0","","0.0","","0.0","","0.0","","38","","","","<31",""
"-114.44","62.46","YELLOWKNIFE A","2204100","2009-01-20","2009","01","20","","-4.2","","-9.7","","-7.0","","25.0","","0.0","","0.0","","0.0","T","0.0","T","36","","","","<31",""
"-114.44","62.46","YELLOWKNIFE A","2204100","2009-01-21","2009","01","21","","-9.7","","-23.2","","-16.5","","34.5","","0.0","","0.0","","4.0","","2.8","","39","","3","","33",""
"-114.44","62.46","YELLOWKNIFE A","2204100","2009-01-22","2009","01","22","","-23.0","","-30.2","","-26.6","","44.6","","0.0","","0.0","","0.0","","0.0","","43","","","","<31",""
"-114.44","62.46","YELLOWKNIFE A","2204100","2009-01-23","2009","01","23","","-20.2","","-30.4","","-25.3","","43.3","","0.0","","0.0","","0.0","T","0.0","T","42","","29","","33",""
"-114.44","62.46","YELLOWKNIFE A","2204100","2009-01-24","2009","01","24","","-18.3","","-25.9","","-22.1","","40.1","","0.0","","0.0","","0.0","","0.0","","40","","","","<31",""
"-114.44","62.46","YELLOWKNIFE A","2204100","2009-01-25","2009","01","25","","-18.0","","-24.9","","-21.5","","39.5","","0.0","","0.0","","0.0","","0.0","","40","","","","<31",""
"-114.44","62.46","YELLOWKNIFE A","2204100","2009-01-26","2009","01","26","","-17.0","","-24.8","","-20.9","","38.9","","0.0","","0.0","","0.0","","0.0","","40","","","","<31",""
"-114.44","62.46","YELLOWKNIFE A","2204100","2009-01-27","2009","01","27","","-22.3","","-27.2","","-24.8","","42.8","","0.0","","0.0","","0.0","T","0.0","T","37","","","","<31",""
"-114.44","62.46","YELLOWKNIFE A","2204100","2009-01-28","2009","01","28","","-20.1","","-24.9","","-22.5","","40.5","","0.0","","0.0","","1.4","","0.8","","38","","","","<31",""
"-114.44","62.46","YELLOWKNIFE A","2204100","2009-01-29","2009","01","29","","-21.8","","-32.6","","-27.2","","45.2","","0.0","","0.0","","0.4","","0.0","T","38","","","","<31",""
"-114.44","62.46","YELLOWKNIFE A","2204100","2009-01-30","2009","01","30","","-22.4","","-32.6","","-27.5","","45.5","","0.0","","0.0","","5.8","","5.2","","42","","8","","44",""
"-114.44","62.46","YELLOWKNIFE A","2204100","2009-01-31","2009","01","31","","-22.4","","-30.7","","-26.6","","44.6","","0.0","","0.0","","2.0","","1.4","","49","","","","<31",""
"-114.44","62.46","YELLOWKNIFE A","2204100","2009-02-01","2009","02","01","","-28.4","","-34.6","","-31.5","","49.5","","0.0","","0.0","","0.0","","0.0","","48","","","","<31",""
"-114.44","62.46","YELLOWKNIFE A","2204100","2009-02-02","2009","02","02","","-18.4","","-29.8","","-24.1","","42.1","","0.0","","0.0","","3.2","","2.0","","48","","11","","37",""
"-114.44","62.46","YELLOWKNIFE A","2204100","2009-02-03","2009","02","03","","-9.6","","-24.5","","-17.1","","35.1","","0.0","","0.0","","6.2","","4.6","","50","","8","","44",""
"-114.44","62.46","YELLOWKNIFE A","2204100","2009-02-04","2009","02","04","","-8.3","","-29.9","","-19.1","","37.1","","0.0","","0.0","","0.4","","0.2","","56","","27","","43",""
"-114.44","62.46","YELLOWKNIFE A","2204100","2009-02-05","2009","02","05","","-22.7","","-30.5","","-26.6","","44.6","","0.0","","0.0","","1.2","","0.4","","54","","31","","33",""
"-114.44","62.46","YELLOWKNIFE A","2204100","2009-02-06","2009","02","06","","-25.8","","-33.5","","-29.7","","47.7","","0.0","","0.0","","0.4","","0.0","T","55","","","","<31",""
"-114.44","62.46","YELLOWKNIFE A","2204100","2009-02-07","2009","02","07","","-22.6","","-31.8","","-27.2","","45.2","","0.0","","0.0","","0.0","T","0.0","T","56","","","","<31",""
"-114.44","62.46","YELLOWKNIFE A","2204100","2009-02-08","2009","02","08","","-12.2","","-23.1","","-17.7","","35.7","","0.0","","0.0","","5.0","","3.2","","57","","","","<31",""
"-114.44","62.46","YELLOWKNIFE A","2204100","2009-02-09","2009","02","09","","-21.5","","-29.9","","-25.7","","43.7","","0.0","","0.0","","0.0","","0.0","","59","","","","<31",""
"-114.44","62.46","YELLOWKNIFE A","2204100","2009-02-10","2009","02","10","","-17.2","","-25.7","","-21.5","","39.5","","0.0","","0.0","","4.6","","2.6","","57","","","","<31",""
"-114.44","62.46","YELLOWKNIFE A","2204100","2009-02-11","2009","02","11","","-18.1","","-30.4","","-24.3","","42.3","","0.0","","0.0","","0.0","T","0.0","T","62","","","","<31",""
"-114.44","62.46","YELLOWKNIFE A","2204100","2009-02-12","2009","02","12","","-19.1","","-26.8","","-23.0","","41.0","","0.0","","0.0","","0.8","","0.0","T","60","","","","<31",""
"-114.44","62.46","YELLOWKNIFE A","2204100","2009-02-13","2009","02","13","","-18.7","","-28.0","","-23.4","","41.4","","0.0","","0.0","","0.0","T","0.0","T","58","","","","<31",""
"-114.44","62.46","YELLOWKNIFE A","2204100","2009-02-14","2009","02","14","","-20.6","","-30.7","","-25.7","","43.7","","0.0","","0.0","","0.0","T","0.0","T","59","","","","<31",""
"-114.44","62.46","YELLOWKNIFE A","2204100","2009-02-15","2009","02","15","","-14.6","","-23.6","","-19.1","","37.1","","0.0","","0.0","","0.4","","0.2","","59","","","","<31",""
"-114.44","62.46","YELLOWKNIFE A","2204100","2009-02-16","2009","02","16","","-14.1","","-25.8","","-20.0","","38.0","","0.0","","0.0","","0.0","T","0.0","T","53","","","","<31",""
"-114.44","62.46","YELLOWKNIFE A","2204100","2009-02-17","2009","02","17","","-14.0","","-16.1","","-15.1","","33.1","","0.0","","0.0","","0.0","T","0.0","T","54","","","","<31",""
"-114.44","62.46","YELLOWKNIFE A","2204100","2009-02-18","2009","02","18","","-15.4","","-20.9","","-18.2","","36.2","","0.0","","0.0","","0.4","","0.2","","54","","","","<31",""
"-114.44","62.46","YELLOWKNIFE A","2204100","2009-02-19","2009","02","19","","-16.4","","-26.8","","-21.6","","39.6","","0.0","","0.0","","0.2","","0.0","T","55","","","","<31",""
"-114.44","62.46","YELLOWKNIFE A","2204100","2009-02-20","2009","02","20","","-6.9","","-24.7","","-15.8","","33.8","","0.0","","0.0","","0.8","","0.6","","54","","32","","33",""
"-114.44","62.46","YELLOWKNIFE A","2204100","2009-02-21","2009","02","21","","-11.1","","-19.2","","-15.2","","33.2","","0.0","","0.0","","1.0","","0.6","","54","","","","<31",""
"-114.44","62.46","YELLOWKNIFE A","2204100","2009-02-22","2009","02","22","","-13.6","","-31.6","","-22.6","","40.6","","0.0","","0.0","","1.0","","0.6","","56","","","","<31",""
"-114.44","62.46","YELLOWKNIFE A","2204100","2009-02-23","2009","02","23","","-25.3","","-37.2","","-31.3","","49.3","","0.0","","0.0","","0.0","","0.0","","56","","","","<31",""
"-114.44","62.46","YELLOWKNIFE A","2204100","2009-02-24","2009","02","24","","-28.8","","-37.7","","-33.3","","51.3","","0.0","","0.0","","0.0","","0.0","","55","","","","<31",""
"-114.44","62.46","YELLOWKNIFE A","2204100","2009-02-25","2009","02","25","","-29.0","","-43.1","","-36.1","","54.1","","0.0","","0.0","","0.0","","0.0","","54","","","","<31",""
"-114.44","62.46","YELLOWKNIFE A","2204100","2009-02-26","2009","02","26","","-20.0","","-29.0","","-24.5","","42.5","","0.0","","0.0","","0.0","","0.0","","54","","14","","44",""
"-114.44","62.46","YELLOWKNIFE A","2204100","2009-02-27","2009","02","27","","-19.0","","-26.0","","-22.5","","40.5","","0.0","","0.0","","0.0","T","0.0","T","53","","","","<31",""
"-114.44","62.46","YELLOWKNIFE A","2204100","2009-02-28","2009","02","28","","-18.7","","-31.1","","-24.9","","42.9","","0.0","","0.0","","0.0","","0.0","","53","","15","","33",""
"-114.44","62.46","YELLOWKNIFE A","2204100","2009-03-01","2009","03","01","","-15.0","","-28.1","","-21.6","","39.6","","0.0","","0.0","","0.0","","0.0","","53","","","","<31",""
"-114.44","62.46","YELLOWKNIFE A","2204100","2009-03-02","2009","03","02","","-9.4","","-18.8","","-14.1","","32.1","","0.0","","0.0","","0.0","","0.0","","53","","","","<31",""
"-114.44","62.46","YELLOWKNIFE A","2204100","2009-03-03","2009","03","03","","-9.7","","-14.7","","-12.2","","30.2","","0.0","","0.0","","4.2","","3.0","","53","","","","<31",""
"-114.44","62.46","YELLOWKNIFE A","2204100","2009-03-04","2009","03","04","","-14.6","","-24.8","","-19.7","","37.7","","0.0","","0.0","","0.8","","0.4","","56","","31","","35",""
"-114.44","62.46","YELLOWKNIFE A","2204100","2009-03-05","2009","03","05","","-20.1","","-31.7","","-25.9","","43.9","","0.0","","0.0","T","0.0","","0.0","T","55","","","","<31",""
"-114.44","62.46","YELLOWKNIFE A","2204100","2009-03-06","2009","03","06","","-15.6","","-29.9","","-22.8","","40.8","","0.0","","0.0","","0.0","T","0.0","T","55","","","","<31",""
"-114.44","62.46","YELLOWKNIFE A","2204100","2009-03-07","2009","03","07","","-15.6","","-25.4","","-20.5","","38.5","","0.0","","0.0","","3.8","","2.2","","57","","35","","46",""
"-114.44","62.46","YELLOWKNIFE A","2204100","2009-03-08","2009","03","08","","-25.3","","-36.2","","-30.8","","48.8","","0.0","","0.0","","0.0","","0.0","","56","","34","","41",""
"-114.44","62.46","YELLOWKNIFE A","2204100","2009-03-09","2009","03","09","","-27.4","","-38.8","","-33.1","","51.1","","0.0","","0.0","","0.0","","0.0","","54","","","","<31",""
"-114.44","62.46","YELLOWKNIFE A","2204100","2009-03-10","2009","03","10","","-20.6","","-37.8","","-29.2","","47.2","","0.0","","0.0","","0.0","","0.0","","54","","","","<31",""
"-114.44","62.46","YELLOWKNIFE A","2204100","2009-03-11","2009","03","11","","-19.2","","-39.8","","-29.5","","47.5","","0.0","","0.0","","0.0","","0.0","","52","","","","<31",""
"-114.44","62.46","YELLOWKNIFE A","2204100","2009-03-12","2009","03","12","","-21.0","","-39.0","","-30.0","","48.0","","0.0","","0.0","","0.0","","0.0","","52","","","","<31",""
"-114.44","62.46","YELLOWKNIFE A","2204100","2009-03-13","2009","03","13","","-27.5","","-36.0","","-31.8","","49.8","","0.0","","0.0","","0.0","","0.0","","52","","","","<31",""
"-114.44","62.46","YELLOWKNIFE A","2204100","2009-03-14","2009","03","14","","-22.3","","-35.3","","-28.8","","46.8","","0.0","","0.0","","0.2","","0.0","T","52","","","","<31",""
"-114.44","62.46","YELLOWKNIFE A","2204100","2009-03-15","2009","03","15","","-18.0","","-27.6","","-22.8","","40.8","","0.0","","0.0","","0.8","","0.4","","52","","","","<31",""
"-114.44","62.46","YELLOWKNIFE A","2204100","2009-03-16","2009","03","16","","-13.3","","-23.1","","-18.2","","36.2","","0.0","","0.0","","0.8","","0.0","T","51","","","","<31",""
"-114.44","62.46","YELLOWKNIFE A","2204100","2009-03-17","2009","03","17","","-15.0","","-27.1","","-21.1","","39.1","","0.0","","0.0","","0.0","","0.0","","51","","","","<31",""
"-114.44","62.46","YELLOWKNIFE A","2204100","2009-03-18","2009","03","18","","-13.8","","-25.1","","-19.5","","37.5","","0.0","","0.0","","0.0","T","0.0","T","51","","","","<31",""
"-114.44","62.46","YELLOWKNIFE A","2204100","2009-03-19","2009","03","19","","-13.6","","-19.5","","-16.6","","34.6","","0.0","","0.0","","2.0","","1.6","","51","","","","<31",""
"-114.44","62.46","YELLOWKNIFE A","2204100","2009-03-20","2009","03","20","","-13.7","","-28.6","","-21.2","","39.2","","0.0","","0.0","","0.0","T","0.0","T","51","","","","<31",""
"-114.44","62.46","YELLOWKNIFE A","2204100","2009-03-21","2009","03","21","","-11.2","","-23.6","","-17.4","","35.4","","0.0","","0.0","","5.6","","3.0","","50","","8","","37",""
"-114.44","62.46","YELLOWKNIFE A","2204100","2009-03-22","2009","03","22","","-15.0","","-25.9","","-20.5","","38.5","","0.0","","0.0","","0.0","","0.0","","55","","","","<31",""
"-114.44","62.46","YELLOWKNIFE A","2204100","2009-03-23","2009","03","23","","-13.6","","-25.9","","-19.8","","37.8","","0.0","","0.0","","1.4","","0.8","","55","","","","<31",""
"-114.44","62.46","YELLOWKNIFE A","2204100","2009-03-24","2009","03","24","","-11.0","","-18.9","","-15.0","","33.0","","0.0","","0.0","","0.4","","0.2","","56","","","","<31",""
"-114.44","62.46","YELLOWKNIFE A","2204100","2009-03-25","2009","03","25","","-11.5","","-27.2","","-19.4","","37.4","","0.0","","0.0","","0.0","","0.0","","56","","","","<31",""
"-114.44","62.46","YELLOWKNIFE A","2204100","2009-03-26","2009","03","26","","-3.6","","-22.5","","-13.1","","31.1","","0.0","","0.0","","0.0","","0.0","","55","","14","E","52","E"
"-114.44","62.46","YELLOWKNIFE A","2204100","2009-03-27","2009","03","27","","-0.6","","-9.5","","-5.1","","23.1","","0.0","","0.0","","1.4","","1.0","","55","","","","<31",""
"-114.44","62.46","YELLOWKNIFE A","2204100","2009-03-28","2009","03","28","","-9.4","","-17.5","","-13.5","","31.5","","0.0","","0.0","","2.0","","1.2","","53","","","","<31",""
"-114.44","62.46","YELLOWKNIFE A","2204100","2009-03-29","2009","03","29","","-11.7","","-22.6","","-17.2","","35.2","","0.0","","0.0","","0.0","T","0.0","T","49","","","","<31",""
"-114.44","62.46","YELLOWKNIFE A","2204100","2009-03-30","2009","03","30","","-2.1","","-20.4","","-11.3","","29.3","","0.0","","0.0","","0.0","","0.0","","49","","14","","33",""
"-114.44","62.46","YELLOWKNIFE A","2204100","2009-03-31","2009","03","31","","-1.9","","-14.5","","-8.2","","26.2","","0.0","","0.0","","0.0","","0.0","","49","","","","<31",""
"-114.44","62.46","YELLOWKNIFE A","2204100","2009-04-01","2009","04","01","","-8.2","","-18.7","","-13.5","","31.5","","0.0","","0.0","","0.0","","0.0","","43","","","","<31",""
"-114.44","62.46","YELLOWKNIFE A","2204100","2009-04-02","2009","04","02","","-10.2","","-25.1","","-17.7","","35.7","","0.0","","0.0","","0.0","","0.0","","42","","","","<31",""
"-114.44","62.46","YELLOWKNIFE A","2204100","2009-04-03","2009","04","03","","-5.8","","-25.1","","-15.5","","33.5","","0.0","","0.0","","0.0","","0.0","","40","","","","<31",""
"-114.44","62.46","YELLOWKNIFE A","2204100","2009-04-04","2009","04","04","","-2.9","","-17.2","","-10.1","","28.1","","0.0","","0.0","","0.0","","0.0","","40","","","","<31",""
"-114.44","62.46","YELLOWKNIFE A","2204100","2009-04-05","2009","04","05","","2.9","","-6.6","","-1.9","","19.9","","0.0","","0.0","","0.0","","0.0","","40","","","","<31",""
"-114.44","62.46","YELLOWKNIFE A","2204100","2009-04-06","2009","04","06","","-0.7","","-9.7","","-5.2","","23.2","","0.0","","0.0","","0.0","T","0.0","T","38","","","","<31",""
"-114.44","62.46","YELLOWKNIFE A","2204100","2009-04-07","2009","04","07","","-4.9","","-18.2","","-11.6","","29.6","","0.0","","0.0","","0.0","","0.0","","44","","","","<31",""
"-114.44","62.46","YELLOWKNIFE A","2204100","2009-04-08","2009","04","08","","-2.9","","-18.2","","-10.6","","28.6","","0.0","","0.0","","0.0","","0.0","","43","","","","<31",""
"-114.44","62.46","YELLOWKNIFE A","2204100","2009-04-09","2009","04","09","","-0.3","","-13.2","","-6.8","","24.8","","0.0","","0.0","","0.4","","0.2","","42","","","","<31",""
"-114.44","62.46","YELLOWKNIFE A","2204100","2009-04-10","2009","04","10","","0.0","","-3.1","","-1.6","","19.6","","0.0","","0.0","","0.8","","0.6","","43","","","","<31",""
"-114.44","62.46","YELLOWKNIFE A","2204100","2009-04-11","2009","04","11","","5.9","","-3.2","","1.4","","16.6","","0.0","","0.0","","0.0","","0.0","","43","","16","","33",""
"-114.44","62.46","YELLOWKNIFE A","2204100","2009-04-12","2009","04","12","","7.4","","-0.7","","3.4","","14.6","","0.0","","0.2","","0.0","","0.2","","37","","","","<31",""
"-114.44","62.46","YELLOWKNIFE A","2204100","2009-04-13","2009","04","13","","2.5","","-3.3","","-0.4","","18.4","","0.0","","7.2","","0.8","","8.0","","30","","30","","33",""
"-114.44","62.46","YELLOWKNIFE A","2204100","2009-04-14","2009","04","14","","-3.3","","-6.9","","-5.1","","23.1","","0.0","","0.0","","1.6","","1.6","","26","","","","<31",""
"-114.44","62.46","YELLOWKNIFE A","2204100","2009-04-15","2009","04","15","","0.7","","-7.1","","-3.2","","21.2","","0.0","","0.0","","0.0","T","0.0","T","26","","","","<31",""
"-114.44","62.46","YELLOWKNIFE A","2204100","2009-04-16","2009","04","16","","6.2","","-9.7","","-1.8","","19.8","","0.0","","0.0","","0.0","","0.0","","24","","14","","41",""
"-114.44","62.46","YELLOWKNIFE A","2204100","2009-04-17","2009","04","17","","10.0","","1.5","","5.8","","12.2","","0.0","","0.0","","0.0","","0.0","","20","","13","","37",""
"-114.44","62.46","YELLOWKNIFE A","2204100","2009-04-18","2009","04","18","","4.8","","1.1","","3.0","","15.0","","0.0","","0.0","T","0.0","","0.0","T","16","","","","<31",""
"-114.44","62.46","YELLOWKNIFE A","2204100","2009-04-19","2009","04","19","","1.2","","-8.6","","-3.7","","21.7","","0.0","","1.4","","1.0","","2.4","","7","","33","","37",""
"-114.44","62.46","YELLOWKNIFE A","2204100","2009-04-20","2009","04","20","","-4.9","","-12.9","","-8.9","","26.9","","0.0","","0.0","","0.0","","0.0","","5","","","","<31",""
"-114.44","62.46","YELLOWKNIFE A","2204100","2009-04-21","2009","04","21","","-0.7","","-14.8","","-7.8","","25.8","","0.0","","0.0","","0.0","","0.0","","5","","","","<31",""
"-114.44","62.46","YELLOWKNIFE A","2204100","2009-04-22","2009","04","22","","-2.4","","-12.2","","-7.3","","25.3","","0.0","","0.0","","0.0","T","0.0","T","5","","3","","37",""
"-114.44","62.46","YELLOWKNIFE A","2204100","2009-04-23","2009","04","23","","-4.7","","-11.6","","-8.2","","26.2","","0.0","","0.0","","1.2","","0.8","","4","","","","<31",""
"-114.44","62.46","YELLOWKNIFE A","2204100","2009-04-24","2009","04","24","","-4.1","","-16.7","","-10.4","","28.4","","0.0","","0.0","","0.0","","0.0","","4","","","","<31",""
"-114.44","62.46","YELLOWKNIFE A","2204100","2009-04-25","2009","04","25","","0.1","","-11.3","","-5.6","","23.6","","0.0","","0.0","","0.0","T","0.0","T","4","","34","","37",""
"-114.44","62.46","YELLOWKNIFE A","2204100","2009-04-26","2009","04","26","","-0.3","","-7.3","","-3.8","","21.8","","0.0","","0.0","","0.0","","0.0","","3","","","","<31",""
"-114.44","62.46","YELLOWKNIFE A","2204100","2009-04-27","2009","04","27","","0.5","","-13.0","","-6.3","","24.3","","0.0","","0.0","","0.0","","0.0","","3","","","","<31",""
"-114.44","62.46","YELLOWKNIFE A","2204100","2009-04-28","2009","04","28","","2.8","","-8.7","","-3.0","","21.0","","0.0","","0.0","","0.0","","0.0","","2","","","","<31",""
"-114.44","62.46","YELLOWKNIFE A","2204100","2009-04-29","2009","04","29","","6.1","","-0.3","","2.9","","15.1","","0.0","","0.0","","0.0","","0.0","","1","","","","<31",""
"-114.44","62.46","YELLOWKNIFE A","2204100","2009-04-30","2009","04","30","","7.9","","-2.9","","2.5","","15.5","","0.0","","0.0","","0.0","","0.0","","","","","","<31",""
"-114.44","62.46","YELLOWKNIFE A","2204100","2009-05-01","2009","05","01","","9.1","","-0.6","","4.3","","13.7","","0.0","","0.0","","0.0","","0.0","","","","","","<31",""
"-114.44","62.46","YELLOWKNIFE A","2204100","2009-05-02","2009","05","02","","13.9","","1.5","","7.7","","10.3","","0.0","","0.0","","0.0","","0.0","","","","","","<31",""
"-114.44","62.46","YELLOWKNIFE A","2204100","2009-05-03","2009","05","03","","10.6","","-0.8","","4.9","","13.1","","0.0","","0.0","","0.0","","0.0","","","","","","<31",""
"-114.44","62.46","YELLOWKNIFE A","2204100","2009-05-04","2009","05","04","","3.5","","-5.6","","-1.1","","19.1","","0.0","","0.0","","0.0","","0.0","","","","","","<31",""
"-114.44","62.46","YELLOWKNIFE A","2204100","2009-05-05","2009","05","05","","1.5","","-9.7","","-4.1","","22.1","","0.0","","0.0","","0.0","","0.0","","","","","","<31",""
"-114.44","62.46","YELLOWKNIFE A","2204100","2009-05-06","2009","05","06","","4.4","","-7.2","","-1.4","","19.4","","0.0","","0.0","","0.0","","0.0","","","","","","<31",""
"-114.44","62.46","YELLOWKNIFE A","2204100","2009-05-07","2009","05","07","","9.1","","0.4","","4.8","","13.2","","0.0","","0.0","","0.0","","0.0","","","","","","<31",""
"-114.44","62.46","YELLOWKNIFE A","2204100","2009-05-08","2009","05","08","","7.3","","-1.6","","2.9","","15.1","","0.0","","0.0","T","0.0","","0.0","T","","","","","<31",""
"-114.44","62.46","YELLOWKNIFE A","2204100","2009-05-09","2009","05","09","","9.5","","-2.5","","3.5","","14.5","","0.0","","0.0","","0.0","","0.0","","","","","","<31",""
"-114.44","62.46","YELLOWKNIFE A","2204100","2009-05-10","2009","05","10","","8.2","","-0.8","","3.7","","14.3","","0.0","","0.0","","0.0","T","0.0","T","","","12","","33",""
"-114.44","62.46","YELLOWKNIFE A","2204100","2009-05-11","2009","05","11","","-0.8","","-6.1","","-3.5","","21.5","","0.0","","0.0","","0.0","T","0.0","T","","","","","<31",""
"-114.44","62.46","YELLOWKNIFE A","2204100","2009-05-12","2009","05","12","","-1.0","","-7.8","","-4.4","","22.4","","0.0","","0.0","","0.0","T","0.0","T","","","","","<31",""
"-114.44","62.46","YELLOWKNIFE A","2204100","2009-05-13","2009","05","13","","4.3","","-5.6","","-0.7","","18.7","","0.0","","0.0","","1.0","","1.0","","1","","18","","37",""
"-114.44","62.46","YELLOWKNIFE A","2204100","2009-05-14","2009","05","14","","5.1","","-5.8","","-0.4","","18.4","","0.0","","0.0","","0.8","","0.6","","0","T","32","","37",""
"-114.44","62.46","YELLOWKNIFE A","2204100","2009-05-15","2009","05","15","","1.5","","-8.7","","-3.6","","21.6","","0.0","","0.0","","0.0","","0.0","","","","","","<31",""
"-114.44","62.46","YELLOWKNIFE A","2204100","2009-05-16","2009","05","16","","0.5","","-5.0","","-2.3","","20.3","","0.0","","0.0","","0.0","","0.0","","","","","","<31",""
"-114.44","62.46","YELLOWKNIFE A","2204100","2009-05-17","2009","05","17","","-2.4","","-9.6","","-6.0","","24.0","","0.0","","0.0","","0.0","T","0.0","T","","","","","<31",""
"-114.44","62.46","YELLOWKNIFE A","2204100","2009-05-18","2009","05","18","","6.7","","-8.9","","-1.1","","19.1","","0.0","","0.0","","0.0","","0.0","","","","","","<31",""
"-114.44","62.46","YELLOWKNIFE A","2204100","2009-05-19","2009","05","19","","6.5","","-3.2","","1.7","","16.3","","0.0","","0.0","","0.0","","0.0","","","","","","<31",""
"-114.44","62.46","YELLOWKNIFE A","2204100","2009-05-20","2009","05","20","","0.2","","-8.0","","-3.9","","21.9","","0.0","","0.0","","0.0","","0.0","","","","","","<31",""
"-114.44","62.46","YELLOWKNIFE A","2204100","2009-05-21","2009","05","21","","5.1","","-8.7","","-1.8","","19.8","","0.0","","0.0","","0.0","","0.0","","","","","","<31",""
"-114.44","62.46","YELLOWKNIFE A","2204100","2009-05-22","2009","05","22","","12.0","","-2.9","","4.6","","13.4","","0.0","","0.0","","0.0","","0.0","","","","","","<31",""
"-114.44","62.46","YELLOWKNIFE A","2204100","2009-05-23","2009","05","23","","12.5","","-0.7","","5.9","","12.1","","0.0","","0.0","","0.0","","0.0","","","","","","<31",""
"-114.44","62.46","YELLOWKNIFE A","2204100","2009-05-24","2009","05","24","","6.0","","0.0","","3.0","","15.0","","0.0","","0.0","","0.0","","0.0","","","","","","<31",""
"-114.44","62.46","YELLOWKNIFE A","2204100","2009-05-25","2009","05","25","","5.1","","-3.9","","0.6","","17.4","","0.0","","0.0","","0.0","","0.0","","","","","","<31",""
"-114.44","62.46","YELLOWKNIFE A","2204100","2009-05-26","2009","05","26","","7.7","","-3.7","","2.0","","16.0","","0.0","","0.0","","0.0","","0.0","","","","","","<31",""
"-114.44","62.46","YELLOWKNIFE A","2204100","2009-05-27","2009","05","27","","8.6","","-3.7","","2.5","","15.5","","0.0","","0.0","","0.0","","0.0","","","","","","<31",""
"-114.44","62.46","YELLOWKNIFE A","2204100","2009-05-28","2009","05","28","","9.8","","-2.5","","3.7","","14.3","","0.0","","0.0","","0.0","","0.0","","","","","","<31",""
"-114.44","62.46","YELLOWKNIFE A","2204100","2009-05-29","2009","05","29","","12.6","","-1.3","","5.7","","12.3","","0.0","","0.0","","0.0","","0.0","","","","","","<31",""
"-114.44","62.46","YELLOWKNIFE A","2204100","2009-05-30","2009","05","30","","9.9","","5.1","","7.5","","10.5","","0.0","","4.4","","0.0","","4.4","","","","10","","52",""
"-114.44","62.46","YELLOWKNIFE A","2204100","2009-05-31","2009","05","31","","12.5","","1.5","","7.0","","11.0","","0.0","","0.0","","0.0","","0.0","","","","","","<31",""
"-114.44","62.46","YELLOWKNIFE A","2204100","2009-06-01","2009","06","01","","11.0","","0.9","","6.0","","12.0","","0.0","","0.0","","0.0","","0.0","","","","","","<31",""
"-114.44","62.46","YELLOWKNIFE A","2204100","2009-06-02","2009","06","02","","17.9","","5.1","","11.5","","6.5","","0.0","","0.0","","0.0","","0.0","","","","","","<31",""
"-114.44","62.46","YELLOWKNIFE A","2204100","2009-06-03","2009","06","03","","10.8","","2.1","","6.5","","11.5","","0.0","","0.0","","0.0","","0.0","","","","34","","48",""
"-114.44","62.46","YELLOWKNIFE A","2204100","2009-06-04","2009","06","04","","7.5","","-0.3","","3.6","","14.4","","0.0","","0.0","","0.0","","0.0","","","","","","<31",""
"-114.44","62.46","YELLOWKNIFE A","2204100","2009-06-05","2009","06","05","","9.0","","0.0","","4.5","","13.5","","0.0","","0.0","","0.0","","0.0","","","","","","<31",""
"-114.44","62.46","YELLOWKNIFE A","2204100","2009-06-06","2009","06","06","","12.5","","2.4","","7.5","","10.5","","0.0","","0.0","","0.0","","0.0","","","","","","<31",""
"-114.44","62.46","YELLOWKNIFE A","2204100","2009-06-07","2009","06","07","","15.2","","5.9","","10.6","","7.4","","0.0","","0.0","","0.0","","0.0","","","","17","","33",""
"-114.44","62.46","YELLOWKNIFE A","2204100","2009-06-08","2009","06","08","","17.7","","6.6","","12.2","","5.8","","0.0","","0.0","","0.0","","0.0","","","","","","<31",""
"-114.44","62.46","YELLOWKNIFE A","2204100","2009-06-09","2009","06","09","","20.4","","9.9","","15.2","","2.8","","0.0","","0.0","T","0.0","","0.0","T","","","","","<31",""
"-114.44","62.46","YELLOWKNIFE A","2204100","2009-06-10","2009","06","10","","15.5","","8.6","","12.1","","5.9","","0.0","","0.0","T","0.0","","0.0","T","","","","","<31",""
"-114.44","62.46","YELLOWKNIFE A","2204100","2009-06-11","2009","06","11","","16.5","","5.1","","10.8","","7.2","","0.0","","0.0","","0.0","","0.0","","","","","","<31",""
"-114.44","62.46","YELLOWKNIFE A","2204100","2009-06-12","2009","06","12","","17.0","","6.3","","11.7","","6.3","","0.0","","0.0","T","0.0","","0.0","T","","","","","<31",""
"-114.44","62.46","YELLOWKNIFE A","2204100","2009-06-13","2009","06","13","","15.3","","7.7","","11.5","","6.5","","0.0","","0.0","","0.0","","0.0","","","","","","<31",""
"-114.44","62.46","YELLOWKNIFE A","2204100","2009-06-14","2009","06","14","","12.5","","7.5","","10.0","","8.0","","0.0","","3.0","","0.0","","3.0","","","","","","<31",""
"-114.44","62.46","YELLOWKNIFE A","2204100","2009-06-15","2009","06","15","","17.3","","6.8","","12.1","","5.9","","0.0","","0.0","","0.0","","0.0","","","","","","<31",""
"-114.44","62.46","YELLOWKNIFE A","2204100","2009-06-16","2009","06","16","","21.2","","9.9","","15.6","","2.4","","0.0","","0.2","","0.0","","0.2","","","","","","<31",""
"-114.44","62.46","YELLOWKNIFE A","2204100","2009-06-17","2009","06","17","","18.7","","9.6","","14.2","","3.8","","0.0","","0.0","","0.0","","0.0","","","","9","","41",""
"-114.44","62.46","YELLOWKNIFE A","2204100","2009-06-18","2009","06","18","","16.0","","9.3","","12.7","","5.3","","0.0","","0.0","","0.0","","0.0","","","","","","<31",""
"-114.44","62.46","YELLOWKNIFE A","2204100","2009-06-19","2009","06","19","","17.1","","10.6","","13.9","","4.1","","0.0","","2.0","","0.0","","2.0","","","","","","<31",""
"-114.44","62.46","YELLOWKNIFE A","2204100","2009-06-20","2009","06","20","","19.7","","9.7","","14.7","","3.3","","0.0","","0.0","","0.0","","0.0","","","","","","<31",""
"-114.44","62.46","YELLOWKNIFE A","2204100","2009-06-21","2009","06","21","","22.8","","10.9","","16.9","","1.1","","0.0","","0.0","","0.0","","0.0","","","","","","<31",""
"-114.44","62.46","YELLOWKNIFE A","2204100","2009-06-22","2009","06","22","","26.2","","13.9","","20.1","","0.0","","2.1","","0.0","","0.0","","0.0","","","","","","<31",""
"-114.44","62.46","YELLOWKNIFE A","2204100","2009-06-23","2009","06","23","","16.5","","9.5","","13.0","","5.0","","0.0","","36.8","","0.0","","36.8","","","","4","","33",""
"-114.44","62.46","YELLOWKNIFE A","2204100","2009-06-24","2009","06","24","","17.4","","6.6","","12.0","","6.0","","0.0","","1.8","","0.0","","1.8","","","","","","<31",""
"-114.44","62.46","YELLOWKNIFE A","2204100","2009-06-25","2009","06","25","","15.7","","9.2","","12.5","","5.5","","0.0","","0.0","","0.0","","0.0","","","","","","<31",""
"-114.44","62.46","YELLOWKNIFE A","2204100","2009-06-26","2009","06","26","","17.8","","8.7","","13.3","","4.7","","0.0","","0.0","","0.0","","0.0","","","","3","","33",""
"-114.44","62.46","YELLOWKNIFE A","2204100","2009-06-27","2009","06","27","","21.2","","10.2","","15.7","","2.3","","0.0","","0.4","","0.0","","0.4","","","","","","<31",""
"-114.44","62.46","YELLOWKNIFE A","2204100","2009-06-28","2009","06","28","","17.9","","11.7","","14.8","","3.2","","0.0","","0.2","","0.0","","0.2","","","","","","<31",""
"-114.44","62.46","YELLOWKNIFE A","2204100","2009-06-29","2009","06","29","","19.2","","13.6","","16.4","","1.6","","0.0","","2.6","","0.0","","2.6","","","","10","","33",""
"-114.44","62.46","YELLOWKNIFE A","2204100","2009-06-30","2009","06","30","","20.2","","11.1","","15.7","","2.3","","0.0","","1.8","","0.0","","1.8","","","","7","","43",""
"-114.44","62.46","YELLOWKNIFE A","2204100","2009-07-01","2009","07","01","","15.4","","11.3","","13.4","","4.6","","0.0","","4.4","","0.0","","4.4","","","","6","","37",""
"-114.44","62.46","YELLOWKNIFE A","2204100","2009-07-02","2009","07","02","","14.0","","10.4","","12.2","","5.8","","0.0","","4.6","","0.0","","4.6","","","","","","<31",""
"-114.44","62.46","YELLOWKNIFE A","2204100","2009-07-03","2009","07","03","","18.6","","10.5","","14.6","","3.4","","0.0","","6.0","","0.0","","6.0","","","","","","<31",""
"-114.44","62.46","YELLOWKNIFE A","2204100","2009-07-04","2009","07","04","","20.2","","13.5","E","16.9","E","1.1","E","0.0","E","3.8","","0.0","","3.8","","","","","","<31",""
"-114.44","62.46","YELLOWKNIFE A","2204100","2009-07-05","2009","07","05","","21.3","","13.2","","17.3","","0.7","","0.0","","2.4","","0.0","","2.4","","","","","","<31",""
"-114.44","62.46","YELLOWKNIFE A","2204100","2009-07-06","2009","07","06","","18.2","","12.5","","15.4","","2.6","","0.0","","0.0","T","0.0","","0.0","T","","","","","<31",""
"-114.44","62.46","YELLOWKNIFE A","2204100","2009-07-07","2009","07","07","","21.6","","11.6","","16.6","","1.4","","0.0","","0.0","","0.0","","0.0","","","","","","<31",""
"-114.44","62.46","YELLOWKNIFE A","2204100","2009-07-08","2009","07","08","","14.4","","8.5","","11.5","","6.5","","0.0","","1.2","","0.0","","1.2","","","","34","","41",""
"-114.44","62.46","YELLOWKNIFE A","2204100","2009-07-09","2009","07","09","","12.8","","5.3","","9.1","","8.9","","0.0","","0.0","","0.0","","0.0","","","","","","<31",""
"-114.44","62.46","YELLOWKNIFE A","2204100","2009-07-10","2009","07","10","","15.3","","6.6","","11.0","","7.0","","0.0","","0.0","T","0.0","","0.0","T","","","","","<31",""
"-114.44","62.46","YELLOWKNIFE A","2204100","2009-07-11","2009","07","11","","17.1","","9.7","","13.4","","4.6","","0.0","","0.4","","0.0","","0.4","","","","","","<31",""
"-114.44","62.46","YELLOWKNIFE A","2204100","2009-07-12","2009","07","12","","17.1","","10.9","","14.0","","4.0","","0.0","","0.0","","0.0","","0.0","","","","","","<31",""
"-114.44","62.46","YELLOWKNIFE A","2204100","2009-07-13","2009","07","13","","17.2","","9.1","","13.2","","4.8","","0.0","","0.0","","0.0","","0.0","","","","","","<31",""
"-114.44","62.46","YELLOWKNIFE A","2204100","2009-07-14","2009","07","14","","17.0","","9.5","","13.3","","4.7","","0.0","","0.0","","0.0","","0.0","","","","18","","43",""
"-114.44","62.46","YELLOWKNIFE A","2204100","2009-07-15","2009","07","15","","21.2","","9.7","","15.5","","2.5","","0.0","","0.0","T","0.0","","0.0","T","","","18","","37",""
"-114.44","62.46","YELLOWKNIFE A","2204100","2009-07-16","2009","07","16","","17.2","","7.9","","12.6","","5.4","","0.0","","0.0","","0.0","","0.0","","","","","","<31",""
"-114.44","62.46","YELLOWKNIFE A","2204100","2009-07-17","2009","07","17","","16.7","","8.2","","12.5","","5.5","","0.0","","0.0","","0.0","","0.0","","","","","","<31",""
"-114.44","62.46","YELLOWKNIFE A","2204100","2009-07-18","2009","07","18","","20.2","","13.3","","16.8","","1.2","","0.0","","0.0","T","0.0","","0.0","T","","","","","<31",""
"-114.44","62.46","YELLOWKNIFE A","2204100","2009-07-19","2009","07","19","","25.1","","11.8","","18.5","","0.0","","0.5","","0.0","","0.0","","0.0","","","","","","<31",""
"-114.44","62.46","YELLOWKNIFE A","2204100","2009-07-20","2009","07","20","","26.5","","14.6","","20.6","","0.0","","2.6","","0.0","","0.0","","0.0","","","","","","<31",""
"-114.44","62.46","YELLOWKNIFE A","2204100","2009-07-21","2009","07","21","","25.2","","14.5","","19.9","","0.0","","1.9","","0.0","","0.0","","0.0","","","","","","<31",""
"-114.44","62.46","YELLOWKNIFE A","2204100","2009-07-22","2009","07","22","","21.0","","16.2","","18.6","","0.0","","0.6","","2.0","","0.0","","2.0","","","","","","<31",""
"-114.44","62.46","YELLOWKNIFE A","2204100","2009-07-23","2009","07","23","","21.1","","15.0","","18.1","","0.0","","0.1","","0.0","","0.0","","0.0","","","","","","<31",""
"-114.44","62.46","YELLOWKNIFE A","2204100","2009-07-24","2009","07","24","","25.3","","15.4","","20.4","","0.0","","2.4","","4.0","","0.0","","4.0","","","","","","<31",""
"-114.44","62.46","YELLOWKNIFE A","2204100","2009-07-25","2009","07","25","","23.9","","14.6","","19.3","","0.0","","1.3","","5.4","","0.0","","5.4","","","","30","","46",""
"-114.44","62.46","YELLOWKNIFE A","2204100","2009-07-26","2009","07","26","","22.4","","12.8","","17.6","","0.4","","0.0","","0.0","","0.0","","0.0","","","","","","<31",""
"-114.44","62.46","YELLOWKNIFE A","2204100","2009-07-27","2009","07","27","","25.4","","14.2","","19.8","","0.0","","1.8","","0.0","","0.0","","0.0","","","","","","<31",""
"-114.44","62.46","YELLOWKNIFE A","2204100","2009-07-28","2009","07","28","","22.6","","15.2","","18.9","","0.0","","0.9","","0.0","","0.0","","0.0","","","","","","<31",""
"-114.44","62.46","YELLOWKNIFE A","2204100","2009-07-29","2009","07","29","","19.6","","14.5","","17.1","","0.9","","0.0","","0.8","","0.0","","0.8","","","","16","","33",""
"-114.44","62.46","YELLOWKNIFE A","2204100","2009-07-30","2009","07","30","","20.8","","12.0","","16.4","","1.6","","0.0","","0.0","","0.0","","0.0","","","","","","<31",""
"-114.44","62.46","YELLOWKNIFE A","2204100","2009-07-31","2009","07","31","","19.3","","12.4","","15.9","","2.1","","0.0","","0.0","","0.0","","0.0","","","","","","<31",""
"-114.44","62.46","YELLOWKNIFE A","2204100","2009-08-01","2009","08","01","","21.0","","14.3","","17.7","","0.3","","0.0","","0.0","","0.0","","0.0","","","","3","","33",""
"-114.44","62.46","YELLOWKNIFE A","2204100","2009-08-02","2009","08","02","","16.7","","10.2","","13.5","","4.5","","0.0","","0.0","","0.0","","0.0","","","","","","<31",""
"-114.44","62.46","YELLOWKNIFE A","2204100","2009-08-03","2009","08","03","","19.7","","12.7","","16.2","","1.8","","0.0","","0.0","","0.0","","0.0","","","","","","<31",""
"-114.44","62.46","YELLOWKNIFE A","2204100","2009-08-04","2009","08","04","","19.3","","10.5","","14.9","","3.1","","0.0","","0.0","","0.0","","0.0","","","","","","<31",""
"-114.44","62.46","YELLOWKNIFE A","2204100","2009-08-05","2009","08","05","","20.5","","10.5","","15.5","","2.5","","0.0","","0.0","","0.0","","0.0","","","","","","<31",""
"-114.44","62.46","YELLOWKNIFE A","2204100","2009-08-06","2009","08","06","","24.8","","13.8","","19.3","","0.0","","1.3","","0.0","","0.0","","0.0","","","","34","","37",""
"-114.44","62.46","YELLOWKNIFE A","2204100","2009-08-07","2009","08","07","","18.6","","10.9","","14.8","","3.2","","0.0","","0.0","","0.0","","0.0","","","","","","<31",""
"-114.44","62.46","YELLOWKNIFE A","2204100","2009-08-08","2009","08","08","","16.8","","11.9","","14.4","","3.6","","0.0","","15.4","","0.0","","15.4","","","","","","<31",""
"-114.44","62.46","YELLOWKNIFE A","2204100","2009-08-09","2009","08","09","","16.8","","9.7","","13.3","","4.7","","0.0","","0.0","","0.0","","0.0","","","","16","","32",""
"-114.44","62.46","YELLOWKNIFE A","2204100","2009-08-10","2009","08","10","","20.9","","12.3","","16.6","","1.4","","0.0","","0.6","","0.0","","0.6","","","","32","","48",""
"-114.44","62.46","YELLOWKNIFE A","2204100","2009-08-11","2009","08","11","","15.9","","12.0","","14.0","","4.0","","0.0","","2.6","","0.0","","2.6","","","","7","","37",""
"-114.44","62.46","YELLOWKNIFE A","2204100","2009-08-12","2009","08","12","","14.5","","8.7","","11.6","","6.4","","0.0","","0.0","T","0.0","","0.0","T","","","4","","46",""
"-114.44","62.46","YELLOWKNIFE A","2204100","2009-08-13","2009","08","13","","15.6","","9.1","","12.4","","5.6","","0.0","","0.0","T","0.0","","0.0","T","","","","","<31",""
"-114.44","62.46","YELLOWKNIFE A","2204100","2009-08-14","2009","08","14","","15.5","","7.4","","11.5","","6.5","","0.0","","0.0","","0.0","","0.0","","","","16","","37",""
"-114.44","62.46","YELLOWKNIFE A","2204100","2009-08-15","2009","08","15","","18.4","","11.5","","15.0","","3.0","","0.0","","0.4","","0.0","","0.4","","","","","","<31",""
"-114.44","62.46","YELLOWKNIFE A","2204100","2009-08-16","2009","08","16","","21.1","","11.9","","16.5","","1.5","","0.0","","0.0","","0.0","","0.0","","","","","","<31",""
"-114.44","62.46","YELLOWKNIFE A","2204100","2009-08-17","2009","08","17","","24.2","","13.8","","19.0","","0.0","","1.0","","0.0","","0.0","","0.0","","","","","","<31",""
"-114.44","62.46","YELLOWKNIFE A","2204100","2009-08-18","2009","08","18","","17.2","","13.6","","15.4","","2.6","","0.0","","0.0","T","0.0","","0.0","T","","","","","<31",""
"-114.44","62.46","YELLOWKNIFE A","2204100","2009-08-19","2009","08","19","","15.0","","11.8","","13.4","","4.6","","0.0","","1.8","","0.0","","1.8","","","","","","<31",""
"-114.44","62.46","YELLOWKNIFE A","2204100","2009-08-20","2009","08","20","","18.3","","10.2","","14.3","","3.7","","0.0","","0.4","","0.0","","0.4","","","","","","<31",""
"-114.44","62.46","YELLOWKNIFE A","2204100","2009-08-21","2009","08","21","","20.6","","12.7","","16.7","","1.3","","0.0","","1.0","","0.0","","1.0","","","","4","","33",""
"-114.44","62.46","YELLOWKNIFE A","2204100","2009-08-22","2009","08","22","","16.8","","10.5","","13.7","","4.3","","0.0","","0.8","","0.0","","0.8","","","","8","","52",""
"-114.44","62.46","YELLOWKNIFE A","2204100","2009-08-23","2009","08","23","","15.8","","10.6","","13.2","","4.8","","0.0","","6.6","","0.0","","6.6","","","","9","","37",""
"-114.44","62.46","YELLOWKNIFE A","2204100","2009-08-24","2009","08","24","","16.1","","12.1","","14.1","","3.9","","0.0","","0.0","","0.0","","0.0","","","","","","<31",""
"-114.44","62.46","YELLOWKNIFE A","2204100","2009-08-25","2009","08","25","","13.0","","10.2","","11.6","","6.4","","0.0","","0.0","T","0.0","","0.0","T","","","13","","33",""
"-114.44","62.46","YELLOWKNIFE A","2204100","2009-08-26","2009","08","26","","14.9","","10.3","","12.6","","5.4","","0.0","","8.4","","0.0","","8.4","","","","","","<31",""
"-114.44","62.46","YELLOWKNIFE A","2204100","2009-08-27","2009","08","27","","19.9","","8.9","","14.4","","3.6","","0.0","","0.0","","0.0","","0.0","","","","","","<31",""
"-114.44","62.46","YELLOWKNIFE A","2204100","2009-08-28","2009","08","28","","19.1","","9.2","","14.2","","3.8","","0.0","","0.0","","0.0","","0.0","","","","15","","37",""
"-114.44","62.46","YELLOWKNIFE A","2204100","2009-08-29","2009","08","29","","25.1","","11.9","","18.5","","0.0","","0.5","","0.0","","0.0","","0.0","","","","","","<31",""
"-114.44","62.46","YELLOWKNIFE A","2204100","2009-08-30","2009","08","30","","25.3","","12.4","","18.9","","0.0","","0.9","","0.0","","0.0","","0.0","","","","","","<31",""
"-114.44","62.46","YELLOWKNIFE A","2204100","2009-08-31","2009","08","31","","18.3","","7.3","","12.8","","5.2","","0.0","","0.2","","0.0","","0.2","","","","23","","52",""
"-114.44","62.46","YELLOWKNIFE A","2204100","2009-09-01","2009","09","01","","19.0","","5.8","","12.4","","5.6","","0.0","","0.0","","0.0","","0.0","","","","","","<31",""
"-114.44","62.46","YELLOWKNIFE A","2204100","2009-09-02","2009","09","02","","19.7","","10.4","","15.1","","2.9","","0.0","","0.0","","0.0","","0.0","","","","","","<31",""
"-114.44","62.46","YELLOWKNIFE A","2204100","2009-09-03","2009","09","03","","23.7","","10.8","","17.3","","0.7","","0.0","","0.0","","0.0","","0.0","","","","","","<31",""
"-114.44","62.46","YELLOWKNIFE A","2204100","2009-09-04","2009","09","04","","16.7","","12.7","","14.7","","3.3","","0.0","","0.0","","0.0","","0.0","","","","","","<31",""
"-114.44","62.46","YELLOWKNIFE A","2204100","2009-09-05","2009","09","05","","14.4","","8.1","","11.3","","6.7","","0.0","","0.4","","0.0","","0.4","","","","36","","33",""
"-114.44","62.46","YELLOWKNIFE A","2204100","2009-09-06","2009","09","06","","13.3","","5.7","","9.5","","8.5","","0.0","","0.0","","0.0","","0.0","","","","","","<31",""
"-114.44","62.46","YELLOWKNIFE A","2204100","2009-09-07","2009","09","07","","11.4","","8.9","","10.2","","7.8","","0.0","","23.2","","0.0","","23.2","","","","8","","33",""
"-114.44","62.46","YELLOWKNIFE A","2204100","2009-09-08","2009","09","08","","15.0","","10.6","","12.8","","5.2","","0.0","","3.0","","0.0","","3.0","","","","","","<31",""
"-114.44","62.46","YELLOWKNIFE A","2204100","2009-09-09","2009","09","09","","12.6","","7.8","","10.2","","7.8","","0.0","","0.6","","0.0","","0.6","","","","","","<31",""
"-114.44","62.46","YELLOWKNIFE A","2204100","2009-09-10","2009","09","10","","12.5","","7.7","","10.1","","7.9","","0.0","","0.2","","0.0","","0.2","","","","","","<31",""
"-114.44","62.46","YELLOWKNIFE A","2204100","2009-09-11","2009","09","11","","20.6","","9.1","","14.9","","3.1","","0.0","","0.2","","0.0","","0.2","","","","15","","37",""
"-114.44","62.46","YELLOWKNIFE A","2204100","2009-09-12","2009","09","12","","20.7","","9.6","","15.2","","2.8","","0.0","","0.0","","0.0","","0.0","","","","","","<31",""
"-114.44","62.46","YELLOWKNIFE A","2204100","2009-09-13","2009","09","13","","22.5","","8.4","","15.5","","2.5","","0.0","","0.0","","0.0","","0.0","","","","","","<31",""
"-114.44","62.46","YELLOWKNIFE A","2204100","2009-09-14","2009","09","14","","24.9","","11.2","","18.1","","0.0","","0.1","","0.0","","0.0","","0.0","","","","","","<31",""
"-114.44","62.46","YELLOWKNIFE A","2204100","2009-09-15","2009","09","15","","16.7","","9.0","","12.9","","5.1","","0.0","","0.4","","0.0","","0.4","","","","35","","37",""
"-114.44","62.46","YELLOWKNIFE A","2204100","2009-09-16","2009","09","16","","14.5","","7.6","","11.1","","6.9","","0.0","","0.0","","0.0","","0.0","","","","","","<31",""
"-114.44","62.46","YELLOWKNIFE A","2204100","2009-09-17","2009","09","17","","11.7","","9.0","","10.4","","7.6","","0.0","","0.6","","0.0","","0.6","","","","14","","41",""
"-114.44","62.46","YELLOWKNIFE A","2204100","2009-09-18","2009","09","18","","16.0","","8.2","","12.1","","5.9","","0.0","","0.0","","0.0","","0.0","","","","","","<31",""
"-114.44","62.46","YELLOWKNIFE A","2204100","2009-09-19","2009","09","19","","12.5","","8.1","","10.3","","7.7","","0.0","","4.4","","0.0","","4.4","","","","","","<31",""
"-114.44","62.46","YELLOWKNIFE A","2204100","2009-09-20","2009","09","20","","8.8","","2.5","","5.7","","12.3","","0.0","","0.0","T","0.0","","0.0","T","","","","","<31",""
"-114.44","62.46","YELLOWKNIFE A","2204100","2009-09-21","2009","09","21","","8.4","","2.9","","5.7","","12.3","","0.0","","6.4","","0.0","","6.4","","","","","","<31",""
"-114.44","62.46","YELLOWKNIFE A","2204100","2009-09-22","2009","09","22","","9.8","","5.7","","7.8","","10.2","","0.0","","3.2","","0.0","","3.2","","","","","","<31",""
"-114.44","62.46","YELLOWKNIFE A","2204100","2009-09-23","2009","09","23","","12.8","","6.5","","9.7","","8.3","","0.0","","0.0","T","0.0","","0.0","T","","","11","","37",""
"-114.44","62.46","YELLOWKNIFE A","2204100","2009-09-24","2009","09","24","","13.8","","6.3","","10.1","","7.9","","0.0","","4.8","","0.0","","4.8","","","","30","","52",""
"-114.44","62.46","YELLOWKNIFE A","2204100","2009-09-25","2009","09","25","","12.4","","4.6","","8.5","","9.5","","0.0","","0.0","","0.0","","0.0","","","","","","<31",""
"-114.44","62.46","YELLOWKNIFE A","2204100","2009-09-26","2009","09","26","","8.4","","4.3","","6.4","","11.6","","0.0","","12.2","","0.0","","12.2","","","","","","<31",""
"-114.44","62.46","YELLOWKNIFE A","2204100","2009-09-27","2009","09","27","","4.8","","2.6","","3.7","","14.3","","0.0","","1.8","","0.0","","1.8","","","","","","<31",""
"-114.44","62.46","YELLOWKNIFE A","2204100","2009-09-28","2009","09","28","","6.5","","1.2","","3.9","","14.1","","0.0","","2.0","","0.0","","2.0","","","","10","","37",""
"-114.44","62.46","YELLOWKNIFE A","2204100","2009-09-29","2009","09","29","","5.2","","4.1","","4.7","","13.3","","0.0","","13.4","","0.0","","13.4","","","","","","<31",""
"-114.44","62.46","YELLOWKNIFE A","2204100","2009-09-30","2009","09","30","","4.7","","0.9","","2.8","","15.2","","0.0","","0.4","","0.0","","0.4","","","","","","<31",""
"-114.44","62.46","YELLOWKNIFE A","2204100","2009-10-01","2009","10","01","","7.6","","0.7","","4.2","","13.8","","0.0","","0.0","","0.0","","0.0","","","","15","","35",""
"-114.44","62.46","YELLOWKNIFE A","2204100","2009-10-02","2009","10","02","","4.9","","1.2","","3.1","","14.9","","0.0","","0.0","T","0.0","","0.0","T","","","","","<31",""
"-114.44","62.46","YELLOWKNIFE A","2204100","2009-10-03","2009","10","03","","5.9","","1.9","","3.9","","14.1","","0.0","","0.0","T","0.0","","0.0","T","","","","","<31",""
"-114.44","62.46","YELLOWKNIFE A","2204100","2009-10-04","2009","10","04","","","","","","","","","","","","","","","","","","","","","","",""
"-114.44","62.46","YELLOWKNIFE A","2204100","2009-10-05","2009","10","05","","7.0","","1.7","","4.4","","13.6","","0.0","","0.0","","0.0","","0.0","","","","","","<31",""
"-114.44","62.46","YELLOWKNIFE A","2204100","2009-10-06","2009","10","06","","4.1","","-1.4","","1.4","","16.6","","0.0","","0.0","","0.0","T","0.0","T","","","33","","37",""
"-114.44","62.46","YELLOWKNIFE A","2204100","2009-10-07","2009","10","07","","-1.0","","-6.2","","-3.6","","21.6","","0.0","","0.0","","1.4","","1.4","","0","T","32","","44",""
"-114.44","62.46","YELLOWKNIFE A","2204100","2009-10-08","2009","10","08","","0.3","","-6.5","","-3.1","","21.1","","0.0","","0.0","","1.2","","1.2","","1","","36","","37",""
"-114.44","62.46","YELLOWKNIFE A","2204100","2009-10-09","2009","10","09","","-1.3","","-4.2","","-2.8","","20.8","","0.0","","0.0","","0.0","T","0.0","T","0","T","1","","39",""
"-114.44","62.46","YELLOWKNIFE A","2204100","2009-10-10","2009","10","10","","-3.4","","-5.4","","-4.4","","22.4","","0.0","","0.0","","0.8","","0.4","","0","T","","","<31",""
"-114.44","62.46","YELLOWKNIFE A","2204100","2009-10-11","2009","10","11","","-2.6","","-7.0","","-4.8","","22.8","","0.0","","0.0","","0.0","T","0.0","T","0","T","","","<31",""
"-114.44","62.46","YELLOWKNIFE A","2204100","2009-10-12","2009","10","12","","-3.4","","-7.3","","-5.4","","23.4","","0.0","","0.0","","0.6","","0.0","T","0","T","","","<31",""
"-114.44","62.46","YELLOWKNIFE A","2204100","2009-10-13","2009","10","13","","-1.3","","-9.5","","-5.4","","23.4","","0.0","","0.0","","0.6","","0.2","","1","","","","<31",""
"-114.44","62.46","YELLOWKNIFE A","2204100","2009-10-14","2009","10","14","","0.4","","-5.6","","-2.6","","20.6","","0.0","","0.0","","0.0","","0.0","","1","","","","<31",""
"-114.44","62.46","YELLOWKNIFE A","2204100","2009-10-15","2009","10","15","","3.3","","-4.1","","-0.4","","18.4","","0.0","","0.0","","0.0","","0.0","","0","T","","","<31",""
"-114.44","62.46","YELLOWKNIFE A","2204100","2009-10-16","2009","10","16","","4.6","","-0.4","","2.1","","15.9","","0.0","","0.0","","0.0","","0.0","","0","T","","","<31",""
"-114.44","62.46","YELLOWKNIFE A","2204100","2009-10-17","2009","10","17","","1.7","","-2.7","","-0.5","","18.5","","0.0","","4.8","","2.0","","7.2","","0","T","","","<31",""
"-114.44","62.46","YELLOWKNIFE A","2204100","2009-10-18","2009","10","18","","-2.6","","-5.5","","-4.1","","22.1","","0.0","","0.0","","2.0","","1.4","","1","","","","<31",""
"-114.44","62.46","YELLOWKNIFE A","2204100","2009-10-19","2009","10","19","","-2.4","","-5.9","","-4.2","","22.2","","0.0","","0.0","","0.0","T","0.0","T","2","","","","<31",""
"-114.44","62.46","YELLOWKNIFE A","2204100","2009-10-20","2009","10","20","","-3.5","","-6.6","","-5.1","","23.1","","0.0","","0.0","","0.2","","0.2","","2","","","","<31",""
"-114.44","62.46","YELLOWKNIFE A","2204100","2009-10-21","2009","10","21","","-3.6","","-6.7","","-5.2","","23.2","","0.0","","0.0","","3.4","","2.6","","3","","11","","33",""
"-114.44","62.46","YELLOWKNIFE A","2204100","2009-10-22","2009","10","22","","0.9","","-4.7","","-1.9","","19.9","","0.0","","0.2","","6.4","","5.8","","4","","11","","37",""
"-114.44","62.46","YELLOWKNIFE A","2204100","2009-10-23","2009","10","23","","1.6","","0.6","","1.1","","16.9","","0.0","","0.2","","0.0","","0.2","","6","","","","<31",""
"-114.44","62.46","YELLOWKNIFE A","2204100","2009-10-24","2009","10","24","","1.7","","0.4","","1.1","","16.9","","0.0","","2.0","","0.0","T","2.0","","1","","","","<31",""
"-114.44","62.46","YELLOWKNIFE A","2204100","2009-10-25","2009","10","25","","1.9","","-0.1","","0.9","","17.1","","0.0","","0.6","","1.2","","1.6","","2","","","","<31",""
"-114.44","62.46","YELLOWKNIFE A","2204100","2009-10-26","2009","10","26","","1.8","","-0.8","","0.5","","17.5","","0.0","","0.0","","1.0","","0.8","","0","T","","","<31",""
"-114.44","62.46","YELLOWKNIFE A","2204100","2009-10-27","2009","10","27","","-0.5","","-2.2","","-1.4","","19.4","","0.0","","0.0","","1.0","","0.6","","2","","","","<31",""
"-114.44","62.46","YELLOWKNIFE A","2204100","2009-10-28","2009","10","28","","-0.3","","-2.4","","-1.4","","19.4","","0.0","","0.0","","1.2","","1.0","","2","","","","<31",""
"-114.44","62.46","YELLOWKNIFE A","2204100","2009-10-29","2009","10","29","","-2.2","","-5.7","","-4.0","","22.0","","0.0","","0.0","","1.0","","0.4","","3","","","","<31",""
"-114.44","62.46","YELLOWKNIFE A","2204100","2009-10-30","2009","10","30","","-3.5","","-7.2","","-5.4","","23.4","","0.0","","0.0","","0.0","T","0.0","T","3","","","","<31",""
"-114.44","62.46","YELLOWKNIFE A","2204100","2009-10-31","2009","10","31","","-4.8","","-7.4","","-6.1","","24.1","","0.0","","0.0","","0.0","T","0.0","T","3","","","","<31",""
"-114.44","62.46","YELLOWKNIFE A","2204100","2009-11-01","2009","11","01","","-7.2","","-15.7","","-11.5","","29.5","","0.0","","0.0","","0.0","T","0.0","T","3","","","","<31",""
"-114.44","62.46","YELLOWKNIFE A","2204100","2009-11-02","2009","11","02","","-9.6","","-15.9","","-12.8","","30.8","","0.0","","0.0","","0.0","T","0.0","T","3","","","","<31",""
"-114.44","62.46","YELLOWKNIFE A","2204100","2009-11-03","2009","11","03","","-10.8","","-19.2","","-15.0","","33.0","","0.0","","0.0","","1.0","","1.0","","3","","","","<31",""
"-114.44","62.46","YELLOWKNIFE A","2204100","2009-11-04","2009","11","04","","-10.8","","-19.9","","-15.4","","33.4","","0.0","","0.0","","0.4","","0.2","","4","","","","<31",""
"-114.44","62.46","YELLOWKNIFE A","2204100","2009-11-05","2009","11","05","","-4.5","","-11.0","","-7.8","","25.8","","0.0","","0.0","","3.2","","2.6","","5","","12","","37",""
"-114.44","62.46","YELLOWKNIFE A","2204100","2009-11-06","2009","11","06","","-0.4","","-4.6","","-2.5","","20.5","","0.0","","4.2","","3.0","","7.2","","7","","9","","33",""
"-114.44","62.46","YELLOWKNIFE A","2204100","2009-11-07","2009","11","07","","-2.0","","-10.0","","-6.0","","24.0","","0.0","","0.0","","8.8","","6.8","","9","","","","<31",""
"-114.44","62.46","YELLOWKNIFE A","2204100","2009-11-08","2009","11","08","","-9.5","","-15.9","","-12.7","","30.7","","0.0","","0.0","","3.0","","1.4","","18","","","","<31",""
"-114.44","62.46","YELLOWKNIFE A","2204100","2009-11-09","2009","11","09","","-9.7","","-22.6","","-16.2","","34.2","","0.0","","0.0","","0.0","T","0.0","T","18","","","","<31",""
"-114.44","62.46","YELLOWKNIFE A","2204100","2009-11-10","2009","11","10","","-8.3","","-10.7","","-9.5","","27.5","","0.0","","0.0","","4.0","","2.6","","18","","","","<31",""
"-114.44","62.46","YELLOWKNIFE A","2204100","2009-11-11","2009","11","11","","-10.5","","-16.7","","-13.6","","31.6","","0.0","","0.0","","5.4","","3.8","","19","","","","<31",""
"-114.44","62.46","YELLOWKNIFE A","2204100","2009-11-12","2009","11","12","","-5.2","","-15.0","","-10.1","","28.1","","0.0","","0.0","","0.6","","0.4","","20","","","","<31",""
"-114.44","62.46","YELLOWKNIFE A","2204100","2009-11-13","2009","11","13","","0.7","","-12.5","","-5.9","","23.9","","0.0","","0.0","","0.8","","0.6","","19","","","","<31",""
"-114.44","62.46","YELLOWKNIFE A","2204100","2009-11-14","2009","11","14","","0.8","","-19.1","","-9.2","","27.2","","0.0","","0.0","","0.0","","0.0","","18","","15","","46",""
"-114.44","62.46","YELLOWKNIFE A","2204100","2009-11-15","2009","11","15","","1.5","","-11.6","","-5.1","","23.1","","0.0","","0.0","","0.0","T","0.0","T","16","","24","","44",""
"-114.44","62.46","YELLOWKNIFE A","2204100","2009-11-16","2009","11","16","","-11.6","","-18.3","","-15.0","","33.0","","0.0","","0.0","","0.0","T","0.0","T","15","","","","<31",""
"-114.44","62.46","YELLOWKNIFE A","2204100","2009-11-17","2009","11","17","","-4.4","","-16.2","","-10.3","","28.3","","0.0","","0.0","","0.2","","0.2","","15","","9","","57",""
"-114.44","62.46","YELLOWKNIFE A","2204100","2009-11-18","2009","11","18","","-5.3","","-17.7","","-11.5","","29.5","","0.0","","0.0","","5.4","","4.8","","14","","","","<31",""
"-114.44","62.46","YELLOWKNIFE A","2204100","2009-11-19","2009","11","19","","-15.8","","-24.1","","-20.0","","38.0","","0.0","","0.0","","0.0","T","0.0","T","15","","","","<31",""
"-114.44","62.46","YELLOWKNIFE A","2204100","2009-11-20","2009","11","20","","-11.9","","-22.8","","-17.4","","35.4","","0.0","","0.0","","0.4","","0.4","","15","","","","<31",""
"-114.44","62.46","YELLOWKNIFE A","2204100","2009-11-21","2009","11","21","","-8.2","","-12.6","","-10.4","","28.4","","0.0","","0.0","","6.5","","6.5","","15","","8","","37",""
"-114.44","62.46","YELLOWKNIFE A","2204100","2009-11-22","2009","11","22","","-9.4","","-22.8","","-16.1","","34.1","","0.0","","0.0","","0.6","","0.4","","20","","","","<31",""
"-114.44","62.46","YELLOWKNIFE A","2204100","2009-11-23","2009","11","23","","-16.5","","-29.3","","-22.9","","40.9","","0.0","","0.0","","0.0","T","0.0","T","20","","","","<31",""
"-114.44","62.46","YELLOWKNIFE A","2204100","2009-11-24","2009","11","24","","-9.4","","-16.7","","-13.1","","31.1","","0.0","","0.0","","0.8","","0.4","","20","","","","<31",""
"-114.44","62.46","YELLOWKNIFE A","2204100","2009-11-25","2009","11","25","","-5.5","","-11.9","","-8.7","","26.7","","0.0","","0.0","","3.8","","3.8","","20","","","","<31",""
"-114.44","62.46","YELLOWKNIFE A","2204100","2009-11-26","2009","11","26","","-4.4","","-6.1","","-5.3","","23.3","","0.0","","0.0","","1.0","","1.0","","21","","","","<31",""
"-114.44","62.46","YELLOWKNIFE A","2204100","2009-11-27","2009","11","27","","-2.6","","-4.6","","-3.6","","21.6","","0.0","","0.0","","2.4","","1.6","","22","","","","<31",""
"-114.44","62.46","YELLOWKNIFE A","2204100","2009-11-28","2009","11","28","","-3.1","","-4.7","","-3.9","","21.9","","0.0","","0.0","","0.6","","0.4","","24","","","","<31",""
"-114.44","62.46","YELLOWKNIFE A","2204100","2009-11-29","2009","11","29","","-4.7","","-8.3","","-6.5","","24.5","","0.0","","0.0","","2.0","","1.6","","23","","","","<31",""
"-114.44","62.46","YELLOWKNIFE A","2204100","2009-11-30","2009","11","30","","-6.9","","-10.0","","-8.5","","26.5","","0.0","","0.0","","0.6","","0.0","T","25","","","","<31",""
"-114.44","62.46","YELLOWKNIFE A","2204100","2009-12-01","2009","12","01","","-9.3","","-12.4","","-10.9","","28.9","","0.0","","0.0","","0.0","T","0.0","T","23","","","","<31",""
"-114.44","62.46","YELLOWKNIFE A","2204100","2009-12-02","2009","12","02","","-6.2","","-10.6","","-8.4","","26.4","","0.0","","0.0","","0.0","T","0.0","T","23","","14","","41",""
"-114.44","62.46","YELLOWKNIFE A","2204100","2009-12-03","2009","12","03","","-2.2","","-6.3","","-4.3","","22.3","","0.0","","0.0","","0.0","T","0.0","T","23","","14","","37",""
"-114.44","62.46","YELLOWKNIFE A","2204100","2009-12-04","2009","12","04","","-2.6","","-12.8","","-7.7","","25.7","","0.0","","0.0","","1.2","","0.8","","23","","34","","44",""
"-114.44","62.46","YELLOWKNIFE A","2204100","2009-12-05","2009","12","05","","-10.6","","-26.4","","-18.5","","36.5","","0.0","","0.0","","0.0","T","0.0","T","20","","33","","37",""
"-114.44","62.46","YELLOWKNIFE A","2204100","2009-12-06","2009","12","06","","-17.3","","-29.8","","-23.6","","41.6","","0.0","","0.0","","0.2","","0.0","T","20","","","","<31",""
"-114.44","62.46","YELLOWKNIFE A","2204100","2009-12-07","2009","12","07","","-17.7","","-22.7","","-20.2","","38.2","","0.0","","0.0","","0.2","","0.0","T","20","","","","<31",""
"-114.44","62.46","YELLOWKNIFE A","2204100","2009-12-08","2009","12","08","","-18.7","","-21.9","","-20.3","","38.3","","0.0","","0.0","","0.8","","0.2","","21","","","","<31",""
"-114.44","62.46","YELLOWKNIFE A","2204100","2009-12-09","2009","12","09","","-16.8","","-31.0","","-23.9","","41.9","","0.0","","0.0","","0.6","","0.4","","21","","","","<31",""
"-114.44","62.46","YELLOWKNIFE A","2204100","2009-12-10","2009","12","10","","-30.6","","-39.9","","-35.3","","53.3","","0.0","","0.0","","0.0","","0.0","","2","","","","<31",""
"-114.44","62.46","YELLOWKNIFE A","2204100","2009-12-11","2009","12","11","","-35.6","","-41.1","","-38.4","","56.4","","0.0","","0.0","","0.0","T","0.0","T","22","","","","<31",""
"-114.44","62.46","YELLOWKNIFE A","2204100","2009-12-12","2009","12","12","","-30.4","","-35.6","","-33.0","","51.0","","0.0","","0.0","","0.6","","0.4","","18","","","","<31",""
"-114.44","62.46","YELLOWKNIFE A","2204100","2009-12-13","2009","12","13","","-28.7","","-34.8","","-31.8","","49.8","","0.0","","0.0","","0.0","","0.0","","18","","","","<31",""
"-114.44","62.46","YELLOWKNIFE A","2204100","2009-12-14","2009","12","14","","-30.4","","-37.1","","-33.8","","51.8","","0.0","","0.0","","0.0","","0.0","","17","","","","<31",""
"-114.44","62.46","YELLOWKNIFE A","2204100","2009-12-15","2009","12","15","","-28.2","","-32.8","","-30.5","","48.5","","0.0","","0.0","","0.0","","0.0","","16","","","","<31",""
"-114.44","62.46","YELLOWKNIFE A","2204100","2009-12-16","2009","12","16","","-28.4","","-32.3","","-30.4","","48.4","","0.0","","0.0","","0.0","","0.0","","16","","","","<31",""
"-114.44","62.46","YELLOWKNIFE A","2204100","2009-12-17","2009","12","17","","-22.3","","-28.8","","-25.6","","43.6","","0.0","","0.0","","0.0","","0.0","","16","","","","<31",""
"-114.44","62.46","YELLOWKNIFE A","2204100","2009-12-18","2009","12","18","","-10.2","","-22.4","","-16.3","","34.3","","0.0","","0.0","","1.6","","0.8","","16","","10","","33",""
"-114.44","62.46","YELLOWKNIFE A","2204100","2009-12-19","2009","12","19","","-6.1","","-10.2","","-8.2","","26.2","","0.0","","0.0","","1.6","","0.8","","18","","12","","37",""
"-114.44","62.46","YELLOWKNIFE A","2204100","2009-12-20","2009","12","20","","-9.8","","-16.9","","-13.4","","31.4","","0.0","","0.0","","1.4","","0.2","","19","","","","<31",""
"-114.44","62.46","YELLOWKNIFE A","2204100","2009-12-21","2009","12","21","","-14.6","","-20.5","","-17.6","","35.6","","0.0","","0.0","","0.6","","0.0","T","22","","","","<31",""
"-114.44","62.46","YELLOWKNIFE A","2204100","2009-12-22","2009","12","22","","-18.7","","-22.6","","-20.7","","38.7","","0.0","","0.0","","0.0","T","0.0","T","22","","","","<31",""
"-114.44","62.46","YELLOWKNIFE A","2204100","2009-12-23","2009","12","23","","-16.4","","-22.6","","-19.5","","37.5","","0.0","","0.0","","1.4","","0.8","","23","","","","<31",""
"-114.44","62.46","YELLOWKNIFE A","2204100","2009-12-24","2009","12","24","","-17.4","","-22.0","","-19.7","","37.7","","0.0","","0.0","","0.0","T","0.0","T","23","","","","<31",""
"-114.44","62.46","YELLOWKNIFE A","2204100","2009-12-25","2009","12","25","","-15.2","","-21.7","","-18.5","","36.5","","0.0","","0.0","","0.0","T","0.0","T","22","","","","<31",""
"-114.44","62.46","YELLOWKNIFE A","2204100","2009-12-26","2009","12","26","","-13.5","","-20.2","","-16.9","","34.9","","0.0","","0.0","","0.0","T","0.0","T","21","","","","<31",""
"-114.44","62.46","YELLOWKNIFE A","2204100","2009-12-27","2009","12","27","","-20.1","","-27.5","","-23.8","","41.8","","0.0","","0.0","","0.0","T","0.0","T","21","","","","<31",""
"-114.44","62.46","YELLOWKNIFE A","2204100","2009-12-28","2009","12","28","","-17.4","","-21.1","","-19.3","","37.3","","0.0","","0.0","","1.6","","1.4","","22","","","","<31",""
"-114.44","62.46","YELLOWKNIFE A","2204100","2009-12-29","2009","12","29","","-20.7","","-34.5","","-27.6","","45.6","","0.0","","0.0","","0.0","","0.0","","23","","","","<31",""
"-114.44","62.46","YELLOWKNIFE A","2204100","2009-12-30","2009","12","30","","-27.9","","-34.3","","-31.1","","49.1","","0.0","","0.0","","0.0","T","0.0","T","23","","","","<31",""
"-114.44","62.46","YELLOWKNIFE A","2204100","2009-12-31","2009","12","31","","-23.9","","-38.3","","-31.1","","49.1","","0.0","","0.0","","0.0","T","0.0","T","23","","","","<31",""
